"","sa3","name","earners","age","tot.income","med.income","av.income","sa3_1","State","Capital","origin","destination","dist_num","dist_txt","time_secs","time_mins","time_hours","time_txt","return_stat","status","error_message"
"1",10102,"Queanbeyan",31945,42,1901877963,51858,59536.0138675849,1,"NSW","Sydney","Queanbeyan NSW 2620, Australia","Sydney NSW, Australia",289.74,"290 km",11025,183.75,3.06,"3 hours 4 mins","OK","OK",""
"2",10103,"Snowy Mountains",10155,46,438208380,35884,43151.9822747415,1,"NSW","Sydney","Snowy Mountains, Kosciuszko National Park NSW 2627, Australia","Sydney NSW, Australia",492.49,"492 km",19342,322.37,5.37,"5 hours 22 mins","OK","OK",""
"3",10104,"South Coast",36044,50,1377225262,30908,38209.5567084674,1,"NSW","Sydney","South Coast, NSW, Australia","Sydney NSW, Australia",484.43,"484 km",18947,315.78,5.26,"5 hours 16 mins","OK","OK",""
"4",10105,"Goulburn - Mulwaree",17419,45,781081596,38269,44840.7828233538,1,"NSW","Sydney","Goulburn Mulwaree, NSW, Australia","Sydney NSW, Australia",209.32,"209 km",8220,137,2.28,"2 hours 17 mins","OK","OK",""
"5",10106,"Young - Yass",18574,45,910140382,39489,49000.7743081727,1,"NSW","Sydney","Yass St, Young NSW 2594, Australia","Sydney NSW, Australia",372.61,"373 km",14074,234.57,3.91,"3 hours 55 mins","OK","OK",""
"6",10201,"Gosford",88746,45,4290439095,38189,48345.1546548577,1,"NSW","Sydney","Gosford NSW 2250, Australia","Sydney NSW, Australia",75.98,"76.0 km",4046,67.43,1.12,"1 hour 7 mins","OK","OK",""
"7",10202,"Wyong",73471,42,3194271659,37082,43476.6323991779,1,"NSW","Sydney","Wyong NSW 2259, Australia","Sydney NSW, Australia",94.19,"94.2 km",4526,75.43,1.26,"1 hour 15 mins","OK","OK",""
"8",10301,"Bathurst",22830,43,1096994692,40497,48050.5778361805,1,"NSW","Sydney","Bathurst NSW 2795, Australia","Sydney NSW, Australia",200.15,"200 km",10414,173.57,2.89,"2 hours 54 mins","OK","OK",""
"9",10302,"Lachlan Valley",27967,46,1212688121,34752,43361.3945364179,1,"NSW","Sydney","Lachlan Valley Way, New South Wales, Australia","Sydney NSW, Australia",304.87,"305 km",11276,187.93,3.13,"3 hours 8 mins","OK","OK",""
"10",10303,"Lithgow - Mudgee",21463,45,1037363504,37354,48332.6424078647,1,"NSW","Sydney","Mudgee St, South Bowenfels NSW 2790, Australia","Sydney NSW, Australia",135.75,"136 km",7622,127.03,2.12,"2 hours 7 mins","OK","OK",""
"11",10304,"Orange",28974,43,1436278066,41241,49571.2730724097,1,"NSW","Sydney","Orange NSW 2800, Australia","Sydney NSW, Australia",254.39,"254 km",12999,216.65,3.61,"3 hours 37 mins","OK","OK",""
"12",10401,"Clarence Valley",23535,48,835613303,29412,35505.1329084342,1,"NSW","Sydney","Clarence Valley, NSW, Australia","Sydney NSW, Australia",656.47,"656 km",26921,448.68,7.48,"7 hours 29 mins","OK","OK",""
"13",10402,"Coffs Harbour",43053,46,1694702610,31848,39363.1712075814,1,"NSW","Sydney","Coffs Harbour NSW 2450, Australia","Sydney NSW, Australia",525.18,"525 km",20195,336.58,5.61,"5 hours 37 mins","OK","OK",""
"14",10501,"Bourke - Cobar - Coonamble",11726,44,569350124,38522,48554.5048609927,1,"NSW","Sydney","Bourke St, Cobar NSW 2835, Australia","Sydney NSW, Australia",685.94,"686 km",29310,488.5,8.14,"8 hours 9 mins","OK","OK",""
"15",10502,"Broken Hill and Far West",9146,44,425422166,38238,46514.560026241,1,"NSW","Sydney","Broken Hill NSW 2880, Australia","Sydney NSW, Australia",1143.76,"1,144 km",46386,773.1,12.89,"12 hours 53 mins","OK","OK",""
"16",10503,"Dubbo",33974,44,1500392990,37539,44162.977276741,1,"NSW","Sydney","Dubbo NSW 2830, Australia","Sydney NSW, Australia",387.89,"388 km",18117,301.95,5.03,"5 hours 2 mins","OK","OK",""
"17",10601,"Lower Hunter",41401,42,2201870036,40819,53183.9819328036,1,"NSW","Sydney","Hunter Region, NSW, Australia","Sydney NSW, Australia",242.64,"243 km",11820,197,3.28,"3 hours 17 mins","OK","OK",""
"18",10602,"Maitland",34507,41,1852972214,43752,53698.4441997276,1,"NSW","Sydney","Maitland NSW 2320, Australia","Sydney NSW, Australia",165.44,"165 km",7172,119.53,1.99,"2 hours 0 mins","OK","OK",""
"19",10603,"Port Stephens",35292,45,1600969293,36084,45363.5184461068,1,"NSW","Sydney","Port Stephens, NSW, Australia","Sydney NSW, Australia",176.9,"177 km",7661,127.68,2.13,"2 hours 8 mins","OK","OK",""
"20",10604,"Upper Hunter",15650,42,854083966,41976,54574.0553354633,1,"NSW","Sydney","Upper Hunter, NSW, Australia","Sydney NSW, Australia",297.58,"298 km",13169,219.48,3.66,"3 hours 39 mins","OK","OK",""
"21",10701,"Dapto - Port Kembla",34993,42,1690381683,40112,48306.2807704398,1,"NSW","Sydney","Port Kembla NSW 2505, Australia","Sydney NSW, Australia",103.29,"103 km",5412,90.2,1.5,"1 hour 30 mins","OK","OK",""
"22",10703,"Kiama - Shellharbour",43924,43,2145014150,40022,48834.6723886713,1,"NSW","Sydney","28 Mary St, Shellharbour NSW 2529, Australia","Sydney NSW, Australia",113.42,"113 km",6063,101.05,1.68,"1 hour 41 mins","OK","OK",""
"23",10704,"Wollongong",63751,42,3397941810,42062,53300.2119182444,1,"NSW","Sydney","Wollongong NSW 2500, Australia","Sydney NSW, Australia",95.23,"95.2 km",5075,84.58,1.41,"1 hour 25 mins","OK","OK",""
"24",10801,"Great Lakes",14372,50,524377846,28174,36486.0733370443,1,"NSW","Sydney","Great Lakes, NSW, Australia","Sydney NSW, Australia",244.74,"245 km",10252,170.87,2.85,"2 hours 51 mins","OK","OK",""
"25",10802,"Kempsey - Nambucca",20606,49,719581775,28748,34920.9829661264,1,"NSW","Sydney","Kempsey NSW 2440, Australia","Sydney NSW, Australia",422.28,"422 km",16587,276.45,4.61,"4 hours 36 mins","OK","OK",""
"26",10803,"Lord Howe Island",250,48,10403825,34037,41615.3,1,"NSW","Sydney","Lord Howe Island, New South Wales, Australia","Sydney NSW, Australia",NA,NA,NA,NA,NA,NA,"ZERO_RESULTS","OK",""
"27",10804,"Port Macquarie",37695,48,1505388533,31857,39936.0268735907,1,"NSW","Sydney","Port Macquarie NSW 2444, Australia","Sydney NSW, Australia",384.14,"384 km",15063,251.05,4.18,"4 hours 11 mins","OK","OK",""
"28",10805,"Taree - Gloucester",24295,48,919507355,31331,37847.5964190163,1,"NSW","Sydney","32-34 Church St, Gloucester NSW 2422, Australia","Sydney NSW, Australia",264.14,"264 km",11571,192.85,3.21,"3 hours 13 mins","OK","OK",""
"29",10901,"Albury",32265,43,1507047121,39127,46708.4184410352,1,"NSW","Sydney","Albury NSW 2640, Australia","Sydney NSW, Australia",553.4,"553 km",19902,331.7,5.53,"5 hours 32 mins","OK","OK",""
"30",10902,"Lower Murray",6207,47,243606272,33148,39247.0230385049,1,"NSW","Sydney","Murray River, Australia","Sydney NSW, Australia",852.53,"853 km",33106,551.77,9.2,"9 hours 12 mins","OK","OK",""
"31",10903,"Upper Murray exc. Albury",22187,47,890030852,33284,40114.9705683508,1,"NSW","Sydney","681 Young St, Albury NSW 2640, Australia","Sydney NSW, Australia",552.24,"552 km",19757,329.28,5.49,"5 hours 29 mins","OK","OK",""
"32",11001,"Armidale",18986,45,789440749,34386,41580.1511113452,1,"NSW","Sydney","Armidale NSW 2350, Australia","Sydney NSW, Australia",475.58,"476 km",20867,347.78,5.8,"5 hours 48 mins","OK","OK",""
"33",11002,"Inverell - Tenterfield",18004,47,608730223,29596,33810.8322039547,1,"NSW","Sydney","266 Rouse St, Tenterfield NSW 2372, Australia","Sydney NSW, Australia",662.3,"662 km",28251,470.85,7.85,"7 hours 51 mins","OK","OK",""
"34",11003,"Moree - Narrabri",13739,43,635240672,38230,46236.3106485188,1,"NSW","Sydney","Moree NSW 2400, Australia","Sydney NSW, Australia",626.05,"626 km",25925,432.08,7.2,"7 hours 12 mins","OK","OK",""
"35",11004,"Tamworth - Gunnedah",39762,44,1724356425,36897,43366.9439414516,1,"NSW","Sydney","Old Tamworth Rd, Gunnedah NSW 2380, Australia","Sydney NSW, Australia",429.98,"430 km",18058,300.97,5.02,"5 hours 1 min","OK","OK",""
"36",11101,"Lake Macquarie - East",64179,43,3316260460,41128,51672.0494242665,1,"NSW","Sydney","Lake Macquarie NSW 2283, Australia","Sydney NSW, Australia",133.96,"134 km",6384,106.4,1.77,"1 hour 46 mins","OK","OK",""
"37",11102,"Lake Macquarie - West",36480,44,1743375799,38973,47789.9067708333,1,"NSW","Sydney","Lake Macquarie NSW 2283, Australia","Sydney NSW, Australia",133.96,"134 km",6384,106.4,1.77,"1 hour 46 mins","OK","OK",""
"38",11103,"Newcastle",84370,40,4489723558,42666,53214.6919284106,1,"NSW","Sydney","Newcastle NSW, Australia","Sydney NSW, Australia",160.84,"161 km",7752,129.2,2.15,"2 hours 9 mins","OK","OK",""
"39",11201,"Richmond Valley - Coastal",41826,47,1674299868,30253,40030.1216468226,1,"NSW","Sydney","Richmond Valley, NSW, Australia","Sydney NSW, Australia",699.9,"700 km",28077,467.95,7.8,"7 hours 48 mins","OK","OK",""
"40",11202,"Richmond Valley - Hinterland",34575,46,1299590877,32679,37587.5886334056,1,"NSW","Sydney","Richmond Valley, NSW, Australia","Sydney NSW, Australia",699.9,"700 km",28077,467.95,7.8,"7 hours 48 mins","OK","OK",""
"41",11203,"Tweed Valley",42445,46,1708923011,32655,40262.0570385204,1,"NSW","Sydney","Tweed, NSW, Australia","Sydney NSW, Australia",807.49,"807 km",32542,542.37,9.04,"9 hours 2 mins","OK","OK",""
"42",11301,"Griffith - Murrumbidgee (West)",25804,43,1089281788,36113,42213.6795845605,1,"NSW","Sydney","Griffith NSW 2680, Australia","Sydney NSW, Australia",574.05,"574 km",22138,368.97,6.15,"6 hours 9 mins","OK","OK",""
"43",11302,"Tumut - Tumbarumba",7539,46,340074217,38441,45108.6638811513,1,"NSW","Sydney","Tumbarumba NSW 2653, Australia","Sydney NSW, Australia",471.35,"471 km",18089,301.48,5.02,"5 hours 1 min","OK","OK",""
"44",11303,"Wagga Wagga",48132,43,2265057370,39573,47059.2821823319,1,"NSW","Sydney","Wagga Wagga NSW 2650, Australia","Sydney NSW, Australia",461.31,"461 km",17148,285.8,4.76,"4 hours 46 mins","OK","OK",""
"45",11401,"Shoalhaven",45656,47,1859747680,32771,40733.9162432101,1,"NSW","Sydney","Shoalhaven, NSW, Australia","Sydney NSW, Australia",199.9,"200 km",9678,161.3,2.69,"2 hours 41 mins","OK","OK",""
"46",11402,"Southern Highlands",25011,48,1251752547,35634,50048.0807244812,1,"NSW","Sydney","Southern Highlands, NSW, Australia","Sydney NSW, Australia",133.82,"134 km",5340,89,1.48,"1 hour 29 mins","OK","OK",""
"47",11501,"Baulkham Hills",81024,44,5170032010,46633,63808.6494125197,1,"NSW","Sydney","Baulkham Hills NSW 2153, Australia","Sydney NSW, Australia",29.98,"30.0 km",1681,28.02,0.47,"28 mins","OK","OK",""
"48",11502,"Dural - Wisemans Ferry",15486,46,1091761898,41994,70499.9288389513,1,"NSW","Sydney","Wisemans Ferry NSW 2775, Australia","Sydney NSW, Australia",74.16,"74.2 km",4394,73.23,1.22,"1 hour 13 mins","OK","OK",""
"49",11503,"Hawkesbury",14273,44,709949217,40563,49740.714425839,1,"NSW","Sydney","Hawkesbury, NSW, Australia","Sydney NSW, Australia",139.88,"140 km",9045,150.75,2.51,"2 hours 31 mins","OK","OK",""
"50",11504,"Rouse Hill - McGraths Hill",15436,41,897494751,47511,58142.9613241772,1,"NSW","Sydney","Mcgraths Hill NSW 2756, Australia","Sydney NSW, Australia",54.53,"54.5 km",3149,52.48,0.87,"52 mins","OK","OK",""
"51",11601,"Blacktown",65073,39,3013102775,42546,46303.4249996158,1,"NSW","Sydney","Blacktown NSW 2148, Australia","Sydney NSW, Australia",38.99,"39.0 km",2383,39.72,0.66,"40 mins","OK","OK",""
"52",11602,"Blacktown - North",40770,38,2218683366,48959,54419.5086092715,1,"NSW","Sydney","1 Bessemer St, Blacktown NSW 2148, Australia","Sydney NSW, Australia",40.41,"40.4 km",2141,35.68,0.59,"36 mins","OK","OK",""
"53",11603,"Mount Druitt",46040,38,2015042392,41746,43767.2109470026,1,"NSW","Sydney","Mount Druitt NSW 2770, Australia","Sydney NSW, Australia",42.06,"42.1 km",2770,46.17,0.77,"46 mins","OK","OK",""
"54",11701,"Botany",21563,39,1091577757,42936,50622.7221165886,1,"NSW","Sydney","Botany NSW 2019, Australia","Sydney NSW, Australia",12.23,"12.2 km",1178,19.63,0.33,"20 mins","OK","OK",""
"55",11702,"Marrickville - Sydenham - Petersham",29710,37,1708460288,46918,57504.5536183103,1,"NSW","Sydney","Sydenham Rd, Marrickville NSW 2204, Australia","Sydney NSW, Australia",9.58,"9.6 km",1261,21.02,0.35,"21 mins","OK","OK",""
"56",11703,"Sydney Inner City",117932,32,7598344880,45040,64429.8823050572,1,"NSW","Sydney","Sydney NSW 2000, Australia","Sydney NSW, Australia",0,"1 m",0,0,0,"1 min","OK","OK",""
"57",11801,"Eastern Suburbs - North",80259,39,8292103294,53916,103316.803025206,1,"NSW","Sydney","22a O'Sullivan Rd, Bellevue Hill NSW 2023, Australia","Sydney NSW, Australia",7.96,"8.0 km",1141,19.02,0.32,"19 mins","OK","OK",""
"58",11802,"Eastern Suburbs - South",75467,39,5028271378,47825,66628.7433977765,1,"NSW","Sydney","South Sydney High School, 2-36 O'Sullivan Ave, Maroubra NSW 2035, Australia","Sydney NSW, Australia",12.57,"12.6 km",1168,19.47,0.32,"19 mins","OK","OK",""
"59",11901,"Bankstown",74235,40,3321888126,38303,44748.2740755708,1,"NSW","Sydney","Bankstown NSW 2200, Australia","Sydney NSW, Australia",29.18,"29.2 km",1967,32.78,0.55,"33 mins","OK","OK",""
"60",11902,"Canterbury",60279,39,2532756171,34664,42017.2227641467,1,"NSW","Sydney","Canterbury NSW 2193, Australia","Sydney NSW, Australia",12.16,"12.2 km",1374,22.9,0.38,"23 mins","OK","OK",""
"61",11903,"Hurstville",66637,42,3465666294,39889,52008.138031424,1,"NSW","Sydney","Hurstville NSW 2220, Australia","Sydney NSW, Australia",26.15,"26.2 km",1887,31.45,0.52,"31 mins","OK","OK",""
"62",11904,"Kogarah - Rockdale",69936,39,3419396278,40063,48893.2206302906,1,"NSW","Sydney","Kogarah NSW 2217, Australia","Sydney NSW, Australia",18.16,"18.2 km",1445,24.08,0.4,"24 mins","OK","OK",""
"63",12001,"Canada Bay",43858,41,3023934740,50538,68948.3045282503,1,"NSW","Sydney","Canada Bay NSW 2046, Australia","Sydney NSW, Australia",10.67,"10.7 km",1182,19.7,0.33,"20 mins","OK","OK",""
"64",12002,"Leichhardt",32147,40,2773483068,60313,86275.0200018664,1,"NSW","Sydney","Leichhardt NSW 2040, Australia","Sydney NSW, Australia",6.68,"6.7 km",763,12.72,0.21,"13 mins","OK","OK",""
"65",12003,"Strathfield - Burwood - Ashfield",80809,38,4360486418,40325,53960.405623136,1,"NSW","Sydney","Burwood NSW 2134, Australia","Sydney NSW, Australia",12.3,"12.3 km",1479,24.65,0.41,"25 mins","OK","OK",""
"66",12101,"Chatswood - Lane Cove",62560,42,5475900490,52437,87530.3786764706,1,"NSW","Sydney","Lane Cove NSW 2066, Australia","Sydney NSW, Australia",10.63,"10.6 km",953,15.88,0.26,"16 mins","OK","OK",""
"67",12102,"Hornsby",45613,43,2607120165,45245,57157.3929581479,1,"NSW","Sydney","Hornsby NSW 2077, Australia","Sydney NSW, Australia",26.87,"26.9 km",2059,34.32,0.57,"34 mins","OK","OK",""
"68",12103,"Ku-ring-gai",68897,48,6517728115,49719,94601.0438045198,1,"NSW","Sydney","Ku-Ring-Gai, NSW, Australia","Sydney NSW, Australia",20.45,"20.4 km",1298,21.63,0.36,"22 mins","OK","OK",""
"69",12104,"North Sydney - Mosman",60039,40,6455993738,61280,107530.001132597,1,"NSW","Sydney","North Sydney NSW 2060, Australia","Sydney NSW, Australia",5.39,"5.4 km",802,13.37,0.22,"13 mins","OK","OK",""
"70",12201,"Manly",27115,40,2396497177,49199,88382.7098285082,1,"NSW","Sydney","Manly NSW 2095, Australia","Sydney NSW, Australia",16.09,"16.1 km",2007,33.45,0.56,"33 mins","OK","OK",""
"71",12202,"Pittwater",36668,47,2595923363,43607,70795.3355241628,1,"NSW","Sydney","Pittwater, NSW, Australia","Sydney NSW, Australia",46.54,"46.5 km",4282,71.37,1.19,"1 hour 11 mins","OK","OK",""
"72",12203,"Warringah",87090,43,5551224627,44687,63741.2404064761,1,"NSW","Sydney","Warringah, NSW, Australia","Sydney NSW, Australia",35.59,"35.6 km",2683,44.72,0.75,"45 mins","OK","OK",""
"73",12301,"Camden",29223,39,1602262207,48158,54828.8063169421,1,"NSW","Sydney","Camden NSW 2570, Australia","Sydney NSW, Australia",69.3,"69.3 km",3502,58.37,0.97,"58 mins","OK","OK",""
"74",12302,"Campbelltown (NSW)",75383,40,3511552653,42606,46582.8191104095,1,"NSW","Sydney","Campbelltown NSW 2560, Australia","Sydney NSW, Australia",58.34,"58.3 km",3076,51.27,0.85,"51 mins","OK","OK",""
"75",12303,"Wollondilly",20398,42,1048897100,42807,51421.5658397882,1,"NSW","Sydney","Wollondilly, NSW, Australia","Sydney NSW, Australia",92.87,"92.9 km",5084,84.73,1.41,"1 hour 25 mins","OK","OK",""
"76",12401,"Blue Mountains",42521,46,2163645999,41231,50884.1748547776,1,"NSW","Sydney","Blue Mountains, New South Wales, Australia","Sydney NSW, Australia",62.25,"62.3 km",3560,59.33,0.99,"59 mins","OK","OK",""
"77",12403,"Penrith",69072,39,3498914218,45248,50656.0432302525,1,"NSW","Sydney","Penrith NSW 2750, Australia","Sydney NSW, Australia",54.28,"54.3 km",3468,57.8,0.96,"58 mins","OK","OK",""
"78",12404,"Richmond - Windsor",19035,40,911116631,41964,47865.3339112162,1,"NSW","Sydney","Windsor NSW 2756, Australia","Sydney NSW, Australia",55.81,"55.8 km",3210,53.5,0.89,"54 mins","OK","OK",""
"79",12405,"St Marys",27971,39,1297741551,43195,46395.9654999821,1,"NSW","Sydney","St Marys NSW 2760, Australia","Sydney NSW, Australia",56.12,"56.1 km",3106,51.77,0.86,"52 mins","OK","OK",""
"80",12501,"Auburn",35702,36,1478893933,34000,41423.2797322279,1,"NSW","Sydney","Auburn NSW 2144, Australia","Sydney NSW, Australia",22.74,"22.7 km",2192,36.53,0.61,"37 mins","OK","OK",""
"81",12502,"Carlingford",33104,43,1706672068,40488,51554.8594731754,1,"NSW","Sydney","Carlingford NSW 2118, Australia","Sydney NSW, Australia",26.66,"26.7 km",1607,26.78,0.45,"27 mins","OK","OK",""
"82",12503,"Merrylands - Guildford",62094,38,2663379421,37714,42892.7017264148,1,"NSW","Sydney","Guildford NSW 2161, Australia","Sydney NSW, Australia",25.48,"25.5 km",2282,38.03,0.63,"38 mins","OK","OK",""
"83",12504,"Parramatta",69752,36,3382792018,41793,48497.4196868907,1,"NSW","Sydney","Parramatta NSW 2150, Australia","Sydney NSW, Australia",25.56,"25.6 km",2117,35.28,0.59,"35 mins","OK","OK",""
"84",12601,"Pennant Hills - Epping",26912,46,1750418103,45042,65042.2897963734,1,"NSW","Sydney","Epping NSW 2121, Australia","Sydney NSW, Australia",22.79,"22.8 km",1425,23.75,0.4,"24 mins","OK","OK",""
"85",12602,"Ryde - Hunters Hill",69370,42,4400750542,44544,63438.814213637,1,"NSW","Sydney","100 Ryde Rd, Hunters Hill NSW 2110, Australia","Sydney NSW, Australia",10.47,"10.5 km",1059,17.65,0.29,"18 mins","OK","OK",""
"86",12701,"Bringelly - Green Valley",38177,40,1755402267,40856,45980.6235953585,1,"NSW","Sydney","Green Valley NSW 2168, Australia","Sydney NSW, Australia",48.59,"48.6 km",2751,45.85,0.76,"46 mins","OK","OK",""
"87",12702,"Fairfield",78172,40,3264945829,37048,41766.1800772655,1,"NSW","Sydney","Fairfield NSW 2165, Australia","Sydney NSW, Australia",30.9,"30.9 km",2676,44.6,0.74,"45 mins","OK","OK",""
"88",12703,"Liverpool",49605,39,2394189869,43364,48265.091603669,1,"NSW","Sydney","Liverpool NSW 2170, Australia","Sydney NSW, Australia",40.5,"40.5 km",2410,40.17,0.67,"40 mins","OK","OK",""
"89",12801,"Cronulla - Miranda - Caringbah",64722,44,4043412939,45579,62473.5474645407,1,"NSW","Sydney",NA,NA,NA,NA,NA,NA,NA,NA,NA,"CONNECTION_ERROR","URL was unreachable. Check your network connection."
"90",12802,"Sutherland - Menai - Heathcote",64941,43,3728429063,46252,57412.5600622103,1,"NSW","Sydney","Menai NSW 2234, Australia","Sydney NSW, Australia",35.62,"35.6 km",2159,35.98,0.6,"36 mins","OK","OK",""
"91",20101,"Ballarat",50737,42,2327242187,38689,45868.7385340087,2,"Vic","Melbourne","Ballarat VIC, Australia","Melbourne VIC, Australia",116.84,"117 km",5260,87.67,1.46,"1 hour 28 mins","OK","OK",""
"92",20102,"Creswick - Daylesford - Ballan",14221,47,611491553,35409,42999.1950636383,2,"Vic","Melbourne","Creswick VIC 3363, Australia","Melbourne VIC, Australia",121.4,"121 km",5309,88.48,1.47,"1 hour 28 mins","OK","OK",""
"93",20103,"Maryborough - Pyrenees",11357,47,405828575,30919,35733.7831293475,2,"Vic","Melbourne","Pyrenees Hwy, Maryborough VIC 3465, Australia","Melbourne VIC, Australia",170.97,"171 km",7411,123.52,2.06,"2 hours 4 mins","OK","OK",""
"94",20201,"Bendigo",47138,42,2073452422,37866,43986.8560821418,2,"Vic","Melbourne","Bendigo VIC 3550, Australia","Melbourne VIC, Australia",152.55,"153 km",6659,110.98,1.85,"1 hour 51 mins","OK","OK",""
"95",20202,"Heathcote - Castlemaine - Kyneton",23077,47,1031017625,36015,44677.281492395,2,"Vic","Melbourne","Castlemaine VIC 3450, Australia","Melbourne VIC, Australia",129.33,"129 km",5327,88.78,1.48,"1 hour 29 mins","OK","OK",""
"96",20203,"Loddon - Elmore",5659,49,205282687,30328,36275.4350591977,2,"Vic","Melbourne","Tandarra-Elmore Rd, Victoria, Australia","Melbourne VIC, Australia",204,"204 km",8457,140.95,2.35,"2 hours 21 mins","OK","OK",""
"97",20301,"Barwon - West",9545,44,441554091,38473,46260.2504976427,2,"Vic","Melbourne","Geelong West VIC 3218, Australia","Melbourne VIC, Australia",73.38,"73.4 km",3786,63.1,1.05,"1 hour 3 mins","OK","OK",""
"98",20302,"Geelong",94669,42,4630002383,39445,48907.27041587,2,"Vic","Melbourne","Geelong VIC 3220, Australia","Melbourne VIC, Australia",75.32,"75.3 km",4004,66.73,1.11,"1 hour 7 mins","OK","OK",""
"99",20303,"Surf Coast - Bellarine Peninsula",35670,46,1734186257,36856,48617.5008971124,2,"Vic","Melbourne","Surf Coast Hwy, Torquay VIC 3228, Australia","Melbourne VIC, Australia",103.51,"104 km",4728,78.8,1.31,"1 hour 19 mins","OK","OK",""
"100",20401,"Upper Goulburn Valley",26890,47,1106567918,34705,41151.651840833,2,"Vic","Melbourne","Goulburn River, Victoria, Australia","Melbourne VIC, Australia",173.66,"174 km",7326,122.1,2.04,"2 hours 2 mins","OK","OK",""
"101",20402,"Wangaratta - Benalla",25388,47,1021888767,34880,40250.8573735623,2,"Vic","Melbourne","16 Templeton St, Wangaratta VIC 3677, Australia","Melbourne VIC, Australia",252.55,"253 km",9717,161.95,2.7,"2 hours 42 mins","OK","OK",""
"102",20403,"Wodonga - Alpine",36621,45,1572390167,37522,42936.8440785342,2,"Vic","Melbourne","Alpine National Park, Cobungra VIC 3898, Australia","Melbourne VIC, Australia",399.78,"400 km",19233,320.55,5.34,"5 hours 21 mins","OK","OK",""
"103",20501,"Baw Baw",23819,45,1068916809,36963,44876.6450732608,2,"Vic","Melbourne","Baw Baw, VIC, Australia","Melbourne VIC, Australia",118.08,"118 km",5713,95.22,1.59,"1 hour 35 mins","OK","OK",""
"104",20502,"Gippsland - East",22433,49,871253827,31719,38838.0433736014,2,"Vic","Melbourne","Gippsland, VIC, Australia","Melbourne VIC, Australia",323.22,"323 km",15426,257.1,4.29,"4 hours 17 mins","OK","OK",""
"105",20503,"Gippsland - South West",30768,47,1264527026,33103,41098.7722958918,2,"Vic","Melbourne","Gippsland, VIC, Australia","Melbourne VIC, Australia",323.22,"323 km",15426,257.1,4.29,"4 hours 17 mins","OK","OK",""
"106",20504,"Latrobe Valley",36917,42,1858046878,39818,50330.3864886096,2,"Vic","Melbourne","Latrobe Regional Airport, 75 Airfield Rd, Morwell VIC 3840, Australia","Melbourne VIC, Australia",161.82,"162 km",6903,115.05,1.92,"1 hour 55 mins","OK","OK",""
"107",20505,"Wellington",21882,46,1007866111,36290,46059.1404350608,2,"Vic","Melbourne","Wellington, VIC, Australia","Melbourne VIC, Australia",222.07,"222 km",9676,161.27,2.69,"2 hours 41 mins","OK","OK",""
"108",20601,"Brunswick - Coburg",45488,36,2360667469,43362,51896.4885024622,2,"Vic","Melbourne","Brunswick VIC 3056, Australia","Melbourne VIC, Australia",5.69,"5.7 km",1204,20.07,0.33,"20 mins","OK","OK",""
"109",20602,"Darebin - South",27831,38,1632007555,46619,58639.9178973088,2,"Vic","Melbourne","Darebin, VIC, Australia","Melbourne VIC, Australia",12.44,"12.4 km",2020,33.67,0.56,"34 mins","OK","OK",""
"110",20603,"Essendon",35742,39,2256233206,48285,63125.5443455878,2,"Vic","Melbourne","Essendon VIC 3040, Australia","Melbourne VIC, Australia",12.15,"12.2 km",1332,22.2,0.37,"22 mins","OK","OK",""
"111",20604,"Melbourne City",54338,31,3658239454,44625,67323.7780926792,2,"Vic","Melbourne","Melbourne VIC 3004, Australia","Melbourne VIC, Australia",0,"2 m",1,0.02,0,"1 min","OK","OK",""
"112",20605,"Port Phillip",59485,36,4480023132,52862,75313.4930150458,2,"Vic","Melbourne","Port Phillip, VIC, Australia","Melbourne VIC, Australia",5.1,"5.1 km",986,16.43,0.27,"16 mins","OK","OK",""
"113",20606,"Stonnington - West",36566,37,3573411255,53796,97724.9700541487,2,"Vic","Melbourne","Stonnington, VIC, Australia","Melbourne VIC, Australia",14.92,"14.9 km",1413,23.55,0.39,"24 mins","OK","OK",""
"114",20607,"Yarra",46772,35,3122725561,50277,66764.849931583,2,"Vic","Melbourne","Yarra, VIC, Australia","Melbourne VIC, Australia",3.79,"3.8 km",841,14.02,0.23,"14 mins","OK","OK",""
"115",20701,"Boroondara",100523,44,8328365638,49346,82850.3490544453,2,"Vic","Melbourne","Boroondara, VIC, Australia","Melbourne VIC, Australia",14.71,"14.7 km",1549,25.82,0.43,"26 mins","OK","OK",""
"116",20702,"Manningham - West",51633,46,2792798460,38775,54089.4090988321,2,"Vic","Melbourne","Manningham, VIC, Australia","Melbourne VIC, Australia",23.66,"23.7 km",1933,32.22,0.54,"32 mins","OK","OK",""
"117",20703,"Whitehorse - West",53621,43,2912557734,39933,54317.482590776,2,"Vic","Melbourne","Whitehorse, VIC, Australia","Melbourne VIC, Australia",23.99,"24.0 km",1925,32.08,0.53,"32 mins","OK","OK",""
"118",20801,"Bayside",56238,47,4773861633,49637,84886.7604288915,2,"Vic","Melbourne","Bayside, VIC, Australia","Melbourne VIC, Australia",16.81,"16.8 km",1967,32.78,0.55,"33 mins","OK","OK",""
"119",20802,"Glen Eira",82197,41,4988621480,44482,60691.040792243,2,"Vic","Melbourne","Glen Eira, VIC, Australia","Melbourne VIC, Australia",18.83,"18.8 km",1889,31.48,0.52,"31 mins","OK","OK",""
"120",20803,"Kingston",63533,42,3378805588,43571,53181.8989816316,2,"Vic","Melbourne","Kingston, VIC, Australia","Melbourne VIC, Australia",31.4,"31.4 km",2514,41.9,0.7,"42 mins","OK","OK",""
"121",20804,"Stonnington - East",24655,42,2153694394,50000,87353.2506185358,2,"Vic","Melbourne","Stonnington, VIC, Australia","Melbourne VIC, Australia",14.92,"14.9 km",1413,23.55,0.39,"24 mins","OK","OK",""
"122",20901,"Banyule",68775,42,3847501843,44071,55943.3201454017,2,"Vic","Melbourne","Banyule, VIC, Australia","Melbourne VIC, Australia",17.81,"17.8 km",1845,30.75,0.51,"31 mins","OK","OK",""
"123",20902,"Darebin - North",44063,38,1991502650,38652,45196.7103919388,2,"Vic","Melbourne","Darebin, VIC, Australia","Melbourne VIC, Australia",12.44,"12.4 km",2020,33.67,0.56,"34 mins","OK","OK",""
"124",20903,"Nillumbik - Kinglake",39536,44,2311673645,44781,58470.094217928,2,"Vic","Melbourne","Kinglake VIC 3763, Australia","Melbourne VIC, Australia",59.08,"59.1 km",4567,76.12,1.27,"1 hour 16 mins","OK","OK",""
"125",20904,"Whittlesea - Wallan",87326,39,3968618607,40813,45446.0138675767,2,"Vic","Melbourne","Wallan Rd, Whittlesea VIC 3757, Australia","Melbourne VIC, Australia",69.26,"69.3 km",3579,59.65,0.99,"1 hour 0 mins","OK","OK",""
"126",21001,"Keilor",31478,43,1651343220,42957,52460.233178728,2,"Vic","Melbourne","Keilor VIC 3036, Australia","Melbourne VIC, Australia",20.71,"20.7 km",1437,23.95,0.4,"24 mins","OK","OK",""
"127",21002,"Macedon Ranges",15508,45,845430394,42928,54515.7592210472,2,"Vic","Melbourne","Macedon Ranges, VIC, Australia","Melbourne VIC, Australia",68.7,"68.7 km",3747,62.45,1.04,"1 hour 2 mins","OK","OK",""
"128",21003,"Moreland - North",32871,38,1488199370,39175,45273.9305162605,2,"Vic","Melbourne","Moreland, VIC, Australia","Melbourne VIC, Australia",13.31,"13.3 km",1451,24.18,0.4,"24 mins","OK","OK",""
"129",21004,"Sunbury",21314,41,1068787429,43886,50144.8545087736,2,"Vic","Melbourne","Sunbury VIC 3429, Australia","Melbourne VIC, Australia",40.97,"41.0 km",2363,39.38,0.66,"39 mins","OK","OK",""
"130",21005,"Tullamarine - Broadmeadows",61237,39,2659516517,38807,43429.8956023319,2,"Vic","Melbourne","Broadmeadows VIC 3047, Australia","Melbourne VIC, Australia",17.88,"17.9 km",1635,27.25,0.45,"27 mins","OK","OK",""
"131",21101,"Knox",88374,42,4281335414,41572,48445.6448050332,2,"Vic","Melbourne","Knox, VIC, Australia","Melbourne VIC, Australia",35.24,"35.2 km",2336,38.93,0.65,"39 mins","OK","OK",""
"132",21102,"Manningham - East",16161,46,1086874071,44121,67252.8971598292,2,"Vic","Melbourne","Manningham, VIC, Australia","Melbourne VIC, Australia",23.66,"23.7 km",1933,32.22,0.54,"32 mins","OK","OK",""
"133",21103,"Maroondah",59796,42,2942300568,41719,49205.6419827413,2,"Vic","Melbourne","Maroondah, VIC, Australia","Melbourne VIC, Australia",30.15,"30.1 km",2088,34.8,0.58,"35 mins","OK","OK",""
"134",21104,"Whitehorse - East",33756,43,1705603861,41299,50527.4280424221,2,"Vic","Melbourne","Whitehorse, VIC, Australia","Melbourne VIC, Australia",23.99,"24.0 km",1925,32.08,0.53,"32 mins","OK","OK",""
"135",21105,"Yarra Ranges",83248,43,3914880477,39329,47026.7210863925,2,"Vic","Melbourne","Yarra Ranges, VIC, Australia","Melbourne VIC, Australia",78.85,"78.9 km",5158,85.97,1.43,"1 hour 26 mins","OK","OK",""
"136",21201,"Cardinia",40655,40,1915470336,40606,47115.2462427746,2,"Vic","Melbourne","Cardinia, VIC, Australia","Melbourne VIC, Australia",75.13,"75.1 km",4149,69.15,1.15,"1 hour 9 mins","OK","OK",""
"137",21202,"Casey - North",66811,41,3215253868,40843,48124.6182215503,2,"Vic","Melbourne","90/92 Victor Cres, Narre Warren VIC 3805, Australia","Melbourne VIC, Australia",45.3,"45.3 km",2509,41.82,0.7,"42 mins","OK","OK",""
"138",21203,"Casey - South",67443,39,3047105046,41446,45180.449357235,2,"Vic","Melbourne","Casey, VIC, Australia","Melbourne VIC, Australia",52.45,"52.5 km",3074,51.23,0.85,"51 mins","OK","OK",""
"139",21204,"Dandenong",83967,39,3342747408,35691,39810.2517417557,2,"Vic","Melbourne","Dandenong VIC 3175, Australia","Melbourne VIC, Australia",36.37,"36.4 km",2285,38.08,0.63,"38 mins","OK","OK",""
"140",21205,"Monash",93241,43,4630482804,38253,49661.4451153463,2,"Vic","Melbourne","Monash, VIC, Australia","Melbourne VIC, Australia",24.18,"24.2 km",1803,30.05,0.5,"30 mins","OK","OK",""
"141",21301,"Brimbank",85582,38,3593881724,38038,41993.4299735926,2,"Vic","Melbourne","Brimbank, VIC, Australia","Melbourne VIC, Australia",24.12,"24.1 km",1767,29.45,0.49,"29 mins","OK","OK",""
"142",21302,"Hobsons Bay",43557,41,2400449797,45187,55110.5401428014,2,"Vic","Melbourne","Hobsons Bay, VIC, Australia","Melbourne VIC, Australia",15.04,"15.0 km",1442,24.03,0.4,"24 mins","OK","OK",""
"143",21303,"Maribyrnong",38673,36,1939891742,42387,50161.3979262017,2,"Vic","Melbourne","Maribyrnong VIC 3032, Australia","Melbourne VIC, Australia",10.94,"10.9 km",1454,24.23,0.4,"24 mins","OK","OK",""
"144",21304,"Melton - Bacchus Marsh",64588,38,3087741225,43374,47806.7322877315,2,"Vic","Melbourne","Bacchus Marsh VIC 3340, Australia","Melbourne VIC, Australia",58.42,"58.4 km",3036,50.6,0.84,"51 mins","OK","OK",""
"145",21305,"Wyndham",88170,37,4334288647,44205,49158.3151525462,2,"Vic","Melbourne","Wyndham, VIC, Australia","Melbourne VIC, Australia",36.01,"36.0 km",2261,37.68,0.63,"38 mins","OK","OK",""
"146",21401,"Frankston",68823,41,3153072276,40235,45814.2230940238,2,"Vic","Melbourne","Frankston VIC 3199, Australia","Melbourne VIC, Australia",57.18,"57.2 km",2981,49.68,0.83,"50 mins","OK","OK",""
"147",21402,"Mornington Peninsula",80820,46,3968932132,36827,49108.2916604801,2,"Vic","Melbourne","Mornington Peninsula, VIC, Australia","Melbourne VIC, Australia",73.81,"73.8 km",3906,65.1,1.09,"1 hour 5 mins","OK","OK",""
"148",21501,"Grampians",32615,47,1392972429,35972,42709.5639736318,2,"Vic","Melbourne","Grampians VIC 3314, Australia","Melbourne VIC, Australia",291.22,"291 km",13279,221.32,3.69,"3 hours 41 mins","OK","OK",""
"149",21502,"Mildura",24461,43,969454484,34474,39632.659498794,2,"Vic","Melbourne","Mildura VIC 3500, Australia","Melbourne VIC, Australia",541.99,"542 km",21282,354.7,5.91,"5 hours 55 mins","OK","OK",""
"150",21503,"Murray River - Swan Hill",20682,46,801288623,32462,38743.2851271637,2,"Vic","Melbourne","Swan Hill VIC 3585, Australia","Melbourne VIC, Australia",338.97,"339 km",13597,226.62,3.78,"3 hours 47 mins","OK","OK",""
"151",21601,"Campaspe",19865,45,765146305,33419,38517.307072741,2,"Vic","Melbourne","Campaspe, VIC, Australia","Melbourne VIC, Australia",203.47,"203 km",8926,148.77,2.48,"2 hours 29 mins","OK","OK",""
"152",21602,"Moira",14674,46,546794479,31731,37262.8103448276,2,"Vic","Melbourne","Moira, VIC, Australia","Melbourne VIC, Australia",245.57,"246 km",10013,166.88,2.78,"2 hours 47 mins","OK","OK",""
"153",21603,"Shepparton",33206,43,1368166142,35447,41202.3773414443,2,"Vic","Melbourne","Shepparton VIC 3630, Australia","Melbourne VIC, Australia",190.38,"190 km",7712,128.53,2.14,"2 hours 9 mins","OK","OK",""
"154",21701,"Glenelg - Southern Grampians",20410,46,908761896,36904,44525.3256246938,2,"Vic","Melbourne","Glenelg River, Rocklands VIC 3401, Australia","Melbourne VIC, Australia",353.31,"353 km",14674,244.57,4.08,"4 hours 5 mins","OK","OK",""
"155",21703,"Colac - Corangamite",21253,46,853619252,34495,40164.6474380088,2,"Vic","Melbourne","Colac VIC 3250, Australia","Melbourne VIC, Australia",152.54,"153 km",6974,116.23,1.94,"1 hour 56 mins","OK","OK",""
"156",21704,"Warrnambool",27777,44,1243282739,37561,44759.4318680923,2,"Vic","Melbourne","Warrnambool VIC 3280, Australia","Melbourne VIC, Australia",256.95,"257 km",11081,184.68,3.08,"3 hours 5 mins","OK","OK",""
"157",30101,"Capalaba",41307,42,2153211088,43181,52127.0266056601,3,"Qld","Brisbane","Capalaba QLD 4157, Australia","Brisbane QLD, Australia",20.26,"20.3 km",1811,30.18,0.5,"30 mins","OK","OK",""
"158",30102,"Cleveland - Stradbroke",42388,45,2200950915,40351,51923.9151410777,3,"Qld","Brisbane","12 Emmett Dr, Cleveland QLD 4163, Australia","Brisbane QLD, Australia",30.4,"30.4 km",2623,43.72,0.73,"44 mins","OK","OK",""
"159",30103,"Wynnum - Manly",37119,41,2014661643,45472,54275.752121555,3,"Qld","Brisbane","Manly QLD 4179, Australia","Brisbane QLD, Australia",21.74,"21.7 km",2047,34.12,0.57,"34 mins","OK","OK",""
"160",30201,"Bald Hills - Everton Park",23461,43,1318957380,45102,56219.1458164614,3,"Qld","Brisbane","Everton Park QLD 4053, Australia","Brisbane QLD, Australia",14.91,"14.9 km",1277,21.28,0.35,"21 mins","OK","OK",""
"161",30202,"Chermside",38624,40,2069034946,44698,53568.6346830986,3,"Qld","Brisbane","Chermside QLD 4032, Australia","Brisbane QLD, Australia",12.81,"12.8 km",1104,18.4,0.31,"18 mins","OK","OK",""
"162",30203,"Nundah",20878,38,1061993318,44635,50866.621228087,3,"Qld","Brisbane","Nundah QLD 4012, Australia","Brisbane QLD, Australia",12.94,"12.9 km",1055,17.58,0.29,"18 mins","OK","OK",""
"163",30204,"Sandgate",29670,41,1448609648,43489,48824.0528479946,3,"Qld","Brisbane","Sandgate QLD 4017, Australia","Brisbane QLD, Australia",23.41,"23.4 km",1998,33.3,0.56,"33 mins","OK","OK",""
"164",30301,"Carindale",28555,40,1695828302,46640,59388.1387497811,3,"Qld","Brisbane","Carindale QLD 4152, Australia","Brisbane QLD, Australia",12.74,"12.7 km",1264,21.07,0.35,"21 mins","OK","OK",""
"165",30302,"Holland Park - Yeronga",40335,36,2364674022,45647,58625.8589810338,3,"Qld","Brisbane","Yeronga QLD 4104, Australia","Brisbane QLD, Australia",7.94,"7.9 km",801,13.35,0.22,"13 mins","OK","OK",""
"166",30303,"Mt Gravatt",38642,40,1889209802,39610,48890.0626779152,3,"Qld","Brisbane","Mount Gravatt QLD 4122, Australia","Brisbane QLD, Australia",10.14,"10.1 km",836,13.93,0.23,"14 mins","OK","OK",""
"167",30304,"Nathan",21214,39,1078171079,41274,50823.5636372207,3,"Qld","Brisbane","Nathan QLD 4111, Australia","Brisbane QLD, Australia",12.9,"12.9 km",939,15.65,0.26,"16 mins","OK","OK",""
"168",30305,"Rocklea - Acacia Ridge",30686,38,1455696729,41466,47438.4647396207,3,"Qld","Brisbane","Acacia Ridge QLD 4110, Australia","Brisbane QLD, Australia",16.37,"16.4 km",1474,24.57,0.41,"25 mins","OK","OK",""
"169",30306,"Sunnybank",26833,39,1176302482,35031,43837.9041478776,3,"Qld","Brisbane","Sunnybank QLD 4109, Australia","Brisbane QLD, Australia",14.22,"14.2 km",1050,17.5,0.29,"18 mins","OK","OK",""
"170",30401,"Centenary",19843,43,1179858045,47005,59459.6605855969,3,"Qld","Brisbane","1 Moolanda St, Jindalee QLD 4074, Australia","Brisbane QLD, Australia",14.85,"14.8 km",1322,22.03,0.37,"22 mins","OK","OK",""
"171",30402,"Kenmore - Brookfield - Moggill",26693,45,1961767985,47131,73493.7243846701,3,"Qld","Brisbane","Kenmore QLD 4069, Australia","Brisbane QLD, Australia",14.45,"14.4 km",1318,21.97,0.37,"22 mins","OK","OK",""
"172",30403,"Sherwood - Indooroopilly",27667,38,1938602081,44271,70069.1105287888,3,"Qld","Brisbane","Sherwood QLD 4075, Australia","Brisbane QLD, Australia",11.89,"11.9 km",1381,23.02,0.38,"23 mins","OK","OK",""
"173",30404,"The Gap - Enoggera",28378,41,1625540754,46759,57281.7236591726,3,"Qld","Brisbane","Enoggera QLD 4051, Australia","Brisbane QLD, Australia",9.08,"9.1 km",1156,19.27,0.32,"19 mins","OK","OK",""
"174",30501,"Brisbane Inner",40414,32,2495046261,41026,61737.1767456822,3,"Qld","Brisbane","Inner City Bypass, Queensland, Australia","Brisbane QLD, Australia",8.45,"8.5 km",763,12.72,0.21,"13 mins","OK","OK",""
"175",30502,"Brisbane Inner - East",23832,36,1645595717,50373,69049.837067808,3,"Qld","Brisbane","89 Lytton Rd, East Brisbane QLD 4169, Australia","Brisbane QLD, Australia",4.44,"4.4 km",596,9.93,0.17,"10 mins","OK","OK",""
"176",30503,"Brisbane Inner - North",47469,37,3562214343,50438,75042.9615749226,3,"Qld","Brisbane","North St, Spring Hill QLD 4000, Australia","Brisbane QLD, Australia",1.76,"1.8 km",537,8.95,0.15,"9 mins","OK","OK",""
"177",30504,"Brisbane Inner - West",33745,36,2387115756,48758,70739.8357089939,3,"Qld","Brisbane","29 McDougall St, Milton QLD 4064, Australia","Brisbane QLD, Australia",2.46,"2.5 km",411,6.85,0.11,"7 mins","OK","OK",""
"178",30601,"Cairns - North",28042,42,1430136124,42036,50999.7904571714,3,"Qld","Brisbane","Cairns North QLD 4870, Australia","Brisbane QLD, Australia",1685.99,"1,686 km",69041,1150.69,19.18,"19 hours 11 mins","OK","OK",""
"179",30602,"Cairns - South",52510,39,2409252573,39218,45881.7858122262,3,"Qld","Brisbane","Cairns QLD, Australia","Brisbane QLD, Australia",1683.95,"1,684 km",68878,1147.97,19.13,"19 hours 8 mins","OK","OK",""
"180",30603,"Innisfail - Cassowary Coast",17529,45,680269688,33283,38808.2427976496,3,"Qld","Brisbane","Innisfail QLD 4860, Australia","Brisbane QLD, Australia",1596.37,"1,596 km",64628,1077.14,17.95,"17 hours 57 mins","OK","OK",""
"181",30604,"Port Douglas - Daintree",6506,42,248911381,32657,38258.7428527513,3,"Qld","Brisbane","The Port Heritage Resort, 8/40 Macrossan St, Port Douglas QLD 4877, Australia","Brisbane QLD, Australia",1749.95,"1,750 km",72579,1209.65,20.16,"20 hours 10 mins","OK","OK",""
"182",30605,"Tablelands (East) - Kuranda",20537,46,821121667,32493,39982.5518332765,3,"Qld","Brisbane","Kuranda Scenic Railway, Queensland, Australia","Brisbane QLD, Australia",1745.25,"1,745 km",72100,1201.67,20.03,"20 hours 2 mins","OK","OK",""
"183",30701,"Darling Downs (West) - Maranoa",23749,42,997465523,36116,42000.3167712325,3,"Qld","Brisbane","566 Ruthven St, Toowoomba City QLD 4350, Australia","Brisbane QLD, Australia",124.96,"125 km",5803,96.72,1.61,"1 hour 37 mins","OK","OK",""
"184",30702,"Darling Downs - East",21708,44,854796676,34213,39377.0350101345,3,"Qld","Brisbane","Darling Downs, QLD, Australia","Brisbane QLD, Australia",277.53,"278 km",12520,208.67,3.48,"3 hours 29 mins","OK","OK",""
"185",30703,"Granite Belt",20532,45,705857379,29774,34378.4034190532,3,"Qld","Brisbane","28 Leslie Parade, Stanthorpe QLD 4380, Australia","Brisbane QLD, Australia",217.03,"217 km",10076,167.93,2.8,"2 hours 48 mins","OK","OK",""
"186",30801,"Central Highlands (Qld)",15871,38,991773685,50146,62489.6783441497,3,"Qld","Brisbane","Central Highlands, QLD, Australia","Brisbane QLD, Australia",804.98,"805 km",32811,546.85,9.11,"9 hours 7 mins","OK","OK",""
"187",30803,"Rockhampton",58151,41,2990631134,42635,51428.713762446,3,"Qld","Brisbane","Rockhampton City QLD 4700, Australia","Brisbane QLD, Australia",617.16,"617 km",25498,424.97,7.08,"7 hours 5 mins","OK","OK",""
"188",30804,"Biloela",8417,42,428556119,39997,50915.542235951,3,"Qld","Brisbane","Biloela QLD 4715, Australia","Brisbane QLD, Australia",561.29,"561 km",23209,386.82,6.45,"6 hours 27 mins","OK","OK",""
"189",30805,"Gladstone",31760,41,1899629649,49388,59812.0166561713,3,"Qld","Brisbane","Gladstone Central QLD 4680, Australia","Brisbane QLD, Australia",517.02,"517 km",21676,361.27,6.02,"6 hours 1 min","OK","OK",""
"190",30901,"Broadbeach - Burleigh",35216,41,1662761538,36045,47216.081837801,3,"Qld","Brisbane","Broadbeach QLD 4218, Australia","Brisbane QLD, Australia",82.53,"82.5 km",3888,64.8,1.08,"1 hour 5 mins","OK","OK",""
"191",30902,"Coolangatta",28796,43,1261145721,35298,43795.8647381581,3,"Qld","Brisbane","Coolangatta QLD 4225, Australia","Brisbane QLD, Australia",103.02,"103 km",4276,71.27,1.19,"1 hour 11 mins","OK","OK",""
"192",30903,"Gold Coast - North",32705,43,1490560821,35872,45575.9309279927,3,"Qld","Brisbane","Gold Coast QLD, Australia","Brisbane QLD, Australia",79.31,"79.3 km",3716,61.93,1.03,"1 hour 2 mins","OK","OK",""
"193",30904,"Gold Coast Hinterland",9539,47,417861286,34606,43805.56515358,3,"Qld","Brisbane","Hinterland Dr, Mudgeeraba QLD 4213, Australia","Brisbane QLD, Australia",80.36,"80.4 km",3330,55.5,0.93,"56 mins","OK","OK",""
"194",30905,"Mudgeeraba - Tallebudgera",17488,42,812122969,36732,46438.8705969808,3,"Qld","Brisbane","Tallebudgera QLD 4228, Australia","Brisbane QLD, Australia",91.55,"91.5 km",3894,64.9,1.08,"1 hour 5 mins","OK","OK",""
"195",30906,"Nerang",35075,41,1531515732,37031,43664.0265716322,3,"Qld","Brisbane","Nerang QLD 4211, Australia","Brisbane QLD, Australia",72.12,"72.1 km",3209,53.48,0.89,"53 mins","OK","OK",""
"196",30907,"Ormeau - Oxenford",51653,40,2541621415,40160,49205.6882465684,3,"Qld","Brisbane","Oxenford QLD 4210, Australia","Brisbane QLD, Australia",59.75,"59.8 km",2488,41.47,0.69,"41 mins","OK","OK",""
"197",30908,"Robina",25169,41,1099878112,35945,43699.7144105844,3,"Qld","Brisbane","Robina QLD 4226, Australia","Brisbane QLD, Australia",81.54,"81.5 km",3471,57.85,0.96,"58 mins","OK","OK",""
"198",30909,"Southport",30154,40,1271395248,34652,42163.4027989653,3,"Qld","Brisbane","Southport QLD 4215, Australia","Brisbane QLD, Australia",74.03,"74.0 km",3351,55.85,0.93,"56 mins","OK","OK",""
"199",30910,"Surfers Paradise",21835,41,1176527684,34173,53882.6509732082,3,"Qld","Brisbane","Surfers Paradise QLD 4217, Australia","Brisbane QLD, Australia",76.25,"76.2 km",3626,60.43,1.01,"1 hour 0 mins","OK","OK",""
"200",31001,"Forest Lake - Oxley",30183,39,1345477466,40530,44577.327170924,3,"Qld","Brisbane","Oxley Pl, Forest Lake QLD 4078, Australia","Brisbane QLD, Australia",22.24,"22.2 km",1850,30.83,0.51,"31 mins","OK","OK",""
"201",31002,"Ipswich Hinterland",28449,44,1152801197,35979,40521.677282154,3,"Qld","Brisbane","Ipswich QLD 4305, Australia","Brisbane QLD, Australia",43.99,"44.0 km",2539,42.32,0.71,"42 mins","OK","OK",""
"202",31003,"Ipswich Inner",47881,40,2233661285,41992,46650.2638833775,3,"Qld","Brisbane","Ipswich Rd, Queensland, Australia","Brisbane QLD, Australia",5.38,"5.4 km",524,8.73,0.15,"9 mins","OK","OK",""
"203",31004,"Springfield - Redbank",33987,36,1594351438,43373,46910.6257686763,3,"Qld","Brisbane","Springfield QLD 4300, Australia","Brisbane QLD, Australia",32.99,"33.0 km",2368,39.47,0.66,"39 mins","OK","OK",""
"204",31101,"Beaudesert",6017,44,239918904,35095,39873.5090576699,3,"Qld","Brisbane","Beaudesert QLD 4285, Australia","Brisbane QLD, Australia",69.62,"69.6 km",3696,61.6,1.03,"1 hour 2 mins","OK","OK",""
"205",31102,"Beenleigh",18772,39,790370550,38193,42103.6943319838,3,"Qld","Brisbane","Beenleigh QLD 4207, Australia","Brisbane QLD, Australia",34.38,"34.4 km",1710,28.5,0.48,"29 mins","OK","OK",""
"206",31103,"Browns Plains",37874,39,1650955452,40508,43590.7338015525,3,"Qld","Brisbane","Browns Plains QLD 4118, Australia","Brisbane QLD, Australia",28.94,"28.9 km",1671,27.85,0.46,"28 mins","OK","OK",""
"207",31104,"Jimboomba",20223,41,959326781,42405,47437.4119072343,3,"Qld","Brisbane","Jimboomba QLD 4280, Australia","Brisbane QLD, Australia",49.14,"49.1 km",2590,43.17,0.72,"43 mins","OK","OK",""
"208",31105,"Loganlea - Carbrook",30147,40,1392867450,40886,46202.5226390686,3,"Qld","Brisbane","Loganlea QLD 4131, Australia","Brisbane QLD, Australia",28.99,"29.0 km",1625,27.08,0.45,"27 mins","OK","OK",""
"209",31106,"Springwood - Kingston",38079,39,1673085371,39536,43937.2192284461,3,"Qld","Brisbane","Springwood QLD 4127, Australia","Brisbane QLD, Australia",21.22,"21.2 km",1266,21.1,0.35,"21 mins","OK","OK",""
"210",31201,"Bowen Basin - North",18710,39,1218395958,48460,65120.0405130946,3,"Qld","Brisbane","49 Powell St, Bowen QLD 4805, Australia","Brisbane QLD, Australia",1140.51,"1,141 km",46115,768.58,12.81,"12 hours 49 mins","OK","OK",""
"211",31202,"Mackay",65723,41,3936070521,48479,59888.783546095,3,"Qld","Brisbane","Mackay QLD 4740, Australia","Brisbane QLD, Australia",952.51,"953 km",38887,648.12,10.8,"10 hours 48 mins","OK","OK",""
"212",31203,"Whitsunday",11319,40,499906474,36546,44165.25081721,3,"Qld","Brisbane","Whitsunday Islands, Queensland, Australia","Brisbane QLD, Australia",NA,NA,NA,NA,NA,NA,"ZERO_RESULTS","OK",""
"213",31301,"Bribie - Beachmere",14528,49,577166409,31487,39727.8640556167,3,"Qld","Brisbane","Beachmere QLD 4510, Australia","Brisbane QLD, Australia",57.34,"57.3 km",3213,53.55,0.89,"54 mins","OK","OK",""
"214",31302,"Caboolture",29546,39,1188956316,36228,40240.8554795911,3,"Qld","Brisbane","Caboolture QLD 4510, Australia","Brisbane QLD, Australia",54.4,"54.4 km",3018,50.3,0.84,"50 mins","OK","OK",""
"215",31303,"Caboolture Hinterland",5543,45,216369350,33491,39034.701425221,3,"Qld","Brisbane","Hinterland Dr, Little Mountain QLD 4551, Australia","Brisbane QLD, Australia",90.68,"90.7 km",4478,74.63,1.24,"1 hour 15 mins","OK","OK",""
"216",31304,"Narangba - Burpengary",30499,41,1374211860,39875,45057.6038558641,3,"Qld","Brisbane","Burpengary QLD 4505, Australia","Brisbane QLD, Australia",41.31,"41.3 km",2675,44.58,0.74,"45 mins","OK","OK",""
"217",31305,"Redcliffe",29624,44,1350886014,38805,45601.0671752633,3,"Qld","Brisbane","Redcliffe QLD 4020, Australia","Brisbane QLD, Australia",41.32,"41.3 km",2529,42.15,0.7,"42 mins","OK","OK",""
"218",31401,"The Hills District",48665,42,2741859378,45966,56341.505763896,3,"Qld","Brisbane","Everton Hills QLD 4053, Australia","Brisbane QLD, Australia",12.26,"12.3 km",1394,23.23,0.39,"23 mins","OK","OK",""
"219",31402,"North Lakes",28260,39,1400225601,43967,49547.968895966,3,"Qld","Brisbane","North Lakes QLD 4509, Australia","Brisbane QLD, Australia",31.06,"31.1 km",2203,36.72,0.61,"37 mins","OK","OK",""
"220",31403,"Strathpine",20150,39,910547272,41810,45188.4502233251,3,"Qld","Brisbane","Strathpine QLD 4500, Australia","Brisbane QLD, Australia",25.37,"25.4 km",2107,35.12,0.59,"35 mins","OK","OK",""
"221",31501,"Far North",10576,41,463382625,33265,43814.5447239032,3,"Qld","Brisbane","North Queensland, QLD, Australia","Brisbane QLD, Australia",1540.91,"1,541 km",60885,1014.75,16.91,"16 hours 55 mins","OK","OK",""
"222",31502,"Outback - North",16177,37,948263305,50708,58617.9949928911,3,"Qld","Brisbane","815 Zillmere Rd, Aspley QLD 4034, Australia","Brisbane QLD, Australia",17.25,"17.2 km",1529,25.48,0.42,"25 mins","OK","OK",""
"223",31503,"Outback - South",10677,43,471484009,38243,44158.8469607568,3,"Qld","Brisbane","815 Zillmere Rd, Aspley QLD 4034, Australia","Brisbane QLD, Australia",17.25,"17.2 km",1529,25.48,0.42,"25 mins","OK","OK",""
"224",31601,"Buderim",26459,44,1234846357,35673,46670.1824331985,3,"Qld","Brisbane","Buderim QLD 4556, Australia","Brisbane QLD, Australia",95.06,"95.1 km",4617,76.95,1.28,"1 hour 17 mins","OK","OK",""
"225",31602,"Caloundra",38833,45,1687175288,34320,43446.9468750805,3,"Qld","Brisbane","Caloundra QLD 4551, Australia","Brisbane QLD, Australia",94.48,"94.5 km",4650,77.5,1.29,"1 hour 18 mins","OK","OK",""
"226",31603,"Maroochy",30735,42,1307146961,34334,42529.590401822,3,"Qld","Brisbane","Maroochydore QLD 4558, Australia","Brisbane QLD, Australia",104.54,"105 km",5246,87.43,1.46,"1 hour 27 mins","OK","OK",""
"227",31605,"Noosa",21084,47,895766906,31525,42485.6244545627,3,"Qld","Brisbane","Noosa, QLD, Australia","Brisbane QLD, Australia",149.49,"149 km",6807,113.45,1.89,"1 hour 53 mins","OK","OK",""
"228",31606,"Sunshine Coast Hinterland",25971,47,1051377718,31770,40482.7583843518,3,"Qld","Brisbane","Hinterland Dr, Little Mountain QLD 4551, Australia","Brisbane QLD, Australia",90.68,"90.7 km",4478,74.63,1.24,"1 hour 15 mins","OK","OK",""
"229",31607,"Nambour",20645,44,849934005,34427,41169,3,"Qld","Brisbane","Nambour QLD 4560, Australia","Brisbane QLD, Australia",106.95,"107 km",5053,84.22,1.4,"1 hour 24 mins","OK","OK",""
"230",31608,"Noosa Hinterland",11485,48,470375601,31201,40955.6465824989,3,"Qld","Brisbane","2/84 Memorial Dr, Eumundi QLD 4562, Australia","Brisbane QLD, Australia",121.09,"121 km",5407,90.12,1.5,"1 hour 30 mins","OK","OK",""
"231",31701,"Toowoomba",76823,42,3499799638,38668,45556.6645145334,3,"Qld","Brisbane","Toowoomba QLD, Australia","Brisbane QLD, Australia",124.89,"125 km",5950,99.17,1.65,"1 hour 39 mins","OK","OK",""
"232",31801,"Charters Towers - Ayr - Ingham",22207,45,998768419,38025,44975.3869950916,3,"Qld","Brisbane","Charters Towers QLD 4820, Australia","Brisbane QLD, Australia",1349.47,"1,349 km",52343,872.39,14.54,"14 hours 32 mins","OK","OK",""
"233",31802,"Townsville",99703,39,5304759335,46123,53205.6140236502,3,"Qld","Brisbane","Townsville City QLD 4810, Australia","Brisbane QLD, Australia",1337.41,"1,337 km",54025,900.42,15.01,"15 hours 0 mins","OK","OK",""
"234",31901,"Bundaberg",41964,44,1703633783,33413,40597.5069821752,3,"Qld","Brisbane","Bundaberg Central QLD 4670, Australia","Brisbane QLD, Australia",362.21,"362 km",15271,254.52,4.24,"4 hours 15 mins","OK","OK",""
"235",31902,"Burnett",22812,45,808558391,28907,35444.4323601613,3,"Qld","Brisbane","3/115 Hermans Rd, Burnett Heads QLD 4670, Australia","Brisbane QLD, Australia",377.77,"378 km",15817,263.62,4.39,"4 hours 24 mins","OK","OK",""
"236",31903,"Gympie - Cooloola",22214,46,816641485,30722,36762.4689385072,3,"Qld","Brisbane","Cooloola QLD 4580, Australia","Brisbane QLD, Australia",227.27,"227 km",9946,165.77,2.76,"2 hours 46 mins","OK","OK",""
"237",31904,"Hervey Bay",24079,46,939390926,31310,39012.871215582,3,"Qld","Brisbane","Hervey Bay QLD 4655, Australia","Brisbane QLD, Australia",288.5,"289 km",12372,206.2,3.44,"3 hours 26 mins","OK","OK",""
"238",31905,"Maryborough",19114,46,751300111,34059,39306.2734644763,3,"Qld","Brisbane","Maryborough QLD 4650, Australia","Brisbane QLD, Australia",258.84,"259 km",11070,184.5,3.08,"3 hours 5 mins","OK","OK",""
"239",40101,"Adelaide City",12227,37,789699478,42335,64586.5280117772,4,"SA","Adelaide","Adelaide SA, Australia","Adelaide SA, Australia",0,"1 m",0,0,0,"1 min","OK","OK",""
"240",40102,"Adelaide Hills",40898,45,2181888060,41428,53349.5051102743,4,"SA","Adelaide","Adelaide Hills, SA, Australia","Adelaide SA, Australia",31.44,"31.4 km",2725,45.42,0.76,"45 mins","OK","OK",""
"241",40103,"Burnside",27381,49,2055188662,47878,75058.9336401154,4,"SA","Adelaide","Burnside SA 5066, Australia","Adelaide SA, Australia",7.68,"7.7 km",952,15.87,0.26,"16 mins","OK","OK",""
"242",40104,"Campbelltown (SA)",27188,43,1267016290,39285,46602.0409739591,4,"SA","Adelaide","Campbelltown SA 5074, Australia","Adelaide SA, Australia",9.65,"9.7 km",1148,19.13,0.32,"19 mins","OK","OK",""
"243",40105,"Norwood - Payneham - St Peters",20700,42,1244491023,43557,60120.3392753623,4,"SA","Adelaide","Norwood Payneham and St Peters, SA, Australia","Adelaide SA, Australia",5.46,"5.5 km",761,12.68,0.21,"13 mins","OK","OK",""
"244",40106,"Prospect - Walkerville",16169,42,1028751380,45693,63624.923000804,4,"SA","Adelaide","Walkerville SA 5081, Australia","Adelaide SA, Australia",5.2,"5.2 km",888,14.8,0.25,"15 mins","OK","OK",""
"245",40107,"Unley",22838,44,1593245268,48213,69762.9069095367,4,"SA","Adelaide","Unley SA 5061, Australia","Adelaide SA, Australia",2.56,"2.6 km",486,8.1,0.14,"8 mins","OK","OK",""
"246",40201,"Gawler - Two Wells",17230,43,783071105,40429,45448.1198491004,4,"SA","Adelaide","Gawler Rd, Two Wells SA 5501, Australia","Adelaide SA, Australia",42.61,"42.6 km",2855,47.58,0.79,"48 mins","OK","OK",""
"247",40202,"Playford",35457,39,1431390059,38090,40369.7452971205,4,"SA","Adelaide","Playford, SA, Australia","Adelaide SA, Australia",36.27,"36.3 km",2551,42.52,0.71,"43 mins","OK","OK",""
"248",40203,"Port Adelaide - East",30634,38,1322651595,39058,43175.9350721421,4,"SA","Adelaide","Port Adelaide SA 5015, Australia","Adelaide SA, Australia",14.09,"14.1 km",1734,28.9,0.48,"29 mins","OK","OK",""
"249",40204,"Salisbury",64752,39,2737391514,39518,42275.0110266864,4,"SA","Adelaide","Salisbury SA 5108, Australia","Adelaide SA, Australia",20.24,"20.2 km",2067,34.45,0.57,"34 mins","OK","OK",""
"250",40205,"Tea Tree Gully",54107,43,2546480931,42111,47063.7982331306,4,"SA","Adelaide","Tea Tree Gully SA 5091, Australia","Adelaide SA, Australia",18.83,"18.8 km",1850,30.83,0.51,"31 mins","OK","OK",""
"251",40301,"Holdfast Bay",20969,47,1233606173,43836,58829.9953741237,4,"SA","Adelaide","Holdfast Bay, SA, Australia","Adelaide SA, Australia",12.39,"12.4 km",1375,22.92,0.38,"23 mins","OK","OK",""
"252",40302,"Marion",47907,42,2186807415,40708,45646.9287369278,4,"SA","Adelaide","Marion SA 5043, Australia","Adelaide SA, Australia",10.83,"10.8 km",1266,21.1,0.35,"21 mins","OK","OK",""
"253",40303,"Mitcham",37773,46,2163929792,43533,57287.7397082572,4,"SA","Adelaide","Mitcham SA 5062, Australia","Adelaide SA, Australia",8.44,"8.4 km",1046,17.43,0.29,"17 mins","OK","OK",""
"254",40304,"Onkaparinga",88740,42,3876356867,39346,43682.1824092856,4,"SA","Adelaide","Onkaparinga, SA, Australia","Adelaide SA, Australia",39.06,"39.1 km",2549,42.48,0.71,"42 mins","OK","OK",""
"255",40401,"Charles Sturt",55450,42,2664437705,40333,48051.1759242561,4,"SA","Adelaide","Charles Sturt, SA, Australia","Adelaide SA, Australia",11.05,"11.1 km",1260,21,0.35,"21 mins","OK","OK",""
"256",40402,"Port Adelaide - West",28454,41,1298262243,40635,45626.7042595066,4,"SA","Adelaide","Port Adelaide SA 5015, Australia","Adelaide SA, Australia",14.09,"14.1 km",1734,28.9,0.48,"29 mins","OK","OK",""
"257",40403,"West Torrens",33100,40,1553544189,40056,46934.8697583082,4,"SA","Adelaide","West Torrens, SA, Australia","Adelaide SA, Australia",5.86,"5.9 km",842,14.03,0.23,"14 mins","OK","OK",""
"258",40501,"Barossa",18750,45,853297706,39390,45509.2109866667,4,"SA","Adelaide","Barossa Valley, Tanunda SA 5352, Australia","Adelaide SA, Australia",71.39,"71.4 km",3879,64.65,1.08,"1 hour 5 mins","OK","OK",""
"259",40502,"Lower North",11678,47,516276429,36309,44209.3191471142,4,"SA","Adelaide","South Australia, Australia","Adelaide SA, Australia",658.57,"659 km",41039,683.98,11.4,"11 hours 24 mins","OK","OK",""
"260",40503,"Mid North",12935,46,597088362,37528,46160.6773869347,4,"SA","Adelaide","85 Ellen St, Port Pirie SA 5540, Australia","Adelaide SA, Australia",223.81,"224 km",9484,158.07,2.63,"2 hours 38 mins","OK","OK",""
"261",40504,"Yorke Peninsula",11723,49,511849758,33840,43662.0112599164,4,"SA","Adelaide","Yorke Peninsula, SA, Australia","Adelaide SA, Australia",188.06,"188 km",8418,140.3,2.34,"2 hours 20 mins","OK","OK",""
"262",40601,"Eyre Peninsula and South West",29555,43,1525669155,40927,51621.3552698359,4,"SA","Adelaide","Eyre Peninsula, Cummins SA 5631, Australia","Adelaide SA, Australia",632.97,"633 km",24866,414.43,6.91,"6 hours 54 mins","OK","OK",""
"263",40602,"Outback - North and East",12795,41,686581634,45372,53660.1511527941,4,"SA","Adelaide","81 O'Connell St, North Adelaide SA 5006, Australia","Adelaide SA, Australia",2.52,"2.5 km",516,8.6,0.14,"9 mins","OK","OK",""
"264",40701,"Fleurieu - Kangaroo Island",24346,50,919329560,30848,37761.0104329253,4,"SA","Adelaide","Fleurieu Peninsula, Inman Valley SA 5211, Australia","Adelaide SA, Australia",87.85,"87.8 km",5063,84.38,1.41,"1 hour 24 mins","OK","OK",""
"265",40702,"Limestone Coast",36183,44,1556350589,37138,43013.309814001,4,"SA","Adelaide","Limestone Coast, SA, Australia","Adelaide SA, Australia",320.67,"321 km",14202,236.7,3.95,"3 hours 57 mins","OK","OK",""
"266",40703,"Murray and Mallee",34996,45,1338046891,33345,38234.2808035204,4,"SA","Adelaide","Murray St & Mallee St, Tailem Bend SA 5260, Australia","Adelaide SA, Australia",96.44,"96.4 km",4234,70.57,1.18,"1 hour 11 mins","OK","OK",""
"267",50101,"Augusta - Margaret River - Busselton",26088,43,1191137235,35109,45658.4343376265,5,"WA","Perth","100 Bussell Hwy, Margaret River WA 6285, Australia","Perth WA, Australia",270.8,"271 km",10825,180.42,3.01,"3 hours 0 mins","OK","OK",""
"268",50102,"Bunbury",53402,42,2972117079,43822,55655.5387251414,5,"WA","Perth","Bunbury WA 6230, Australia","Perth WA, Australia",170.53,"171 km",6957,115.95,1.93,"1 hour 56 mins","OK","OK",""
"269",50103,"Manjimup",12522,47,537752870,33963,42944.6470212426,5,"WA","Perth","Manjimup WA 6258, Australia","Perth WA, Australia",294.48,"294 km",12017,200.28,3.34,"3 hours 20 mins","OK","OK",""
"270",50201,"Mandurah",43739,45,2349979134,39226,53727.3173597933,5,"WA","Perth","Mandurah WA, Australia","Perth WA, Australia",72.39,"72.4 km",3253,54.22,0.9,"54 mins","OK","OK",""
"271",50301,"Cottesloe - Claremont",40653,47,4478239555,54231,110157.664993973,5,"WA","Perth","Cottesloe WA 6011, Australia","Perth WA, Australia",13.36,"13.4 km",1435,23.92,0.4,"24 mins","OK","OK",""
"272",50302,"Perth City",61945,36,4504728427,48560,72721.4210509323,5,"WA","Perth","Perth WA, Australia","Perth WA, Australia",0,"1 m",0,0,0,"1 min","OK","OK",""
"273",50401,"Bayswater - Bassendean",45427,39,2448951603,45045,53909.6044863187,5,"WA","Perth","Bassendean WA 6054, Australia","Perth WA, Australia",10.7,"10.7 km",1180,19.67,0.33,"20 mins","OK","OK",""
"274",50402,"Mundaring",23119,45,1290555565,44691,55822.2918378823,5,"WA","Perth","Mundaring WA 6073, Australia","Perth WA, Australia",34.99,"35.0 km",2519,41.98,0.7,"42 mins","OK","OK",""
"275",50403,"Swan",58084,40,3082050857,45068,53061.9595241375,5,"WA","Perth","Swan, WA, Australia","Perth WA, Australia",39.03,"39.0 km",3834,63.9,1.07,"1 hour 4 mins","OK","OK",""
"276",50501,"Joondalup",98101,43,5834073558,45609,59470.0722520667,5,"WA","Perth","Joondalup WA 6027, Australia","Perth WA, Australia",26.53,"26.5 km",1399,23.32,0.39,"23 mins","OK","OK",""
"277",50502,"Stirling",107217,40,6407804711,45664,59764.820047194,5,"WA","Perth","Stirling WA 6021, Australia","Perth WA, Australia",10.28,"10.3 km",747,12.45,0.21,"12 mins","OK","OK",""
"278",50503,"Wanneroo",83637,39,4380648928,44274,52376.9256190442,5,"WA","Perth","Wanneroo WA 6065, Australia","Perth WA, Australia",31.12,"31.1 km",1730,28.83,0.48,"29 mins","OK","OK",""
"279",50601,"Armadale",34346,40,1794372483,44647,52244.0017178128,5,"WA","Perth","Armadale WA 6112, Australia","Perth WA, Australia",39.05,"39.1 km",2392,39.87,0.66,"40 mins","OK","OK",""
"280",50602,"Belmont - Victoria Park",38577,36,2139961372,45861,55472.4673250901,5,"WA","Perth","Victoria Park WA 6100, Australia","Perth WA, Australia",5.7,"5.7 km",927,15.45,0.26,"15 mins","OK","OK",""
"281",50603,"Canning",52432,40,2786616279,41855,53147.2436489167,5,"WA","Perth","Canning, WA, Australia","Perth WA, Australia",20.56,"20.6 km",1509,25.15,0.42,"25 mins","OK","OK",""
"282",50604,"Gosnells",59584,39,2983839500,43804,50077.8648630505,5,"WA","Perth","Gosnells WA 6110, Australia","Perth WA, Australia",24.72,"24.7 km",2006,33.43,0.56,"33 mins","OK","OK",""
"283",50605,"Kalamunda",32622,43,1864321296,46128,57149.2028692294,5,"WA","Perth","Kalamunda WA 6076, Australia","Perth WA, Australia",28.11,"28.1 km",2009,33.48,0.56,"33 mins","OK","OK",""
"284",50606,"Serpentine - Jarrahdale",10145,41,572699770,46561,56451.4312469197,5,"WA","Perth","Serpentine-Jarrahdale, WA, Australia","Perth WA, Australia",63.86,"63.9 km",3017,50.28,0.84,"50 mins","OK","OK",""
"285",50607,"South Perth",25703,40,1829542445,49354,71180.1130218262,5,"WA","Perth","South Perth WA 6151, Australia","Perth WA, Australia",7.45,"7.5 km",855,14.25,0.24,"14 mins","OK","OK",""
"286",50701,"Cockburn",51345,39,2896056942,47191,56403.8746129127,5,"WA","Perth","Cockburn, WA, Australia","Perth WA, Australia",NA,NA,NA,NA,NA,NA,"ZERO_RESULTS","OK",""
"287",50702,"Fremantle",21073,43,1403278397,46701,66591.2967778674,5,"WA","Perth","Fremantle WA 6160, Australia","Perth WA, Australia",24.8,"24.8 km",1982,33.03,0.55,"33 mins","OK","OK",""
"288",50703,"Kwinana",14837,37,771986760,45768,52031.1895935836,5,"WA","Perth","Kwinana, WA, Australia","Perth WA, Australia",37.91,"37.9 km",2003,33.38,0.56,"33 mins","OK","OK",""
"289",50704,"Melville",63366,45,4249807267,45734,67067.6272291134,5,"WA","Perth","Melville WA 6156, Australia","Perth WA, Australia",16.5,"16.5 km",1408,23.47,0.39,"23 mins","OK","OK",""
"290",50705,"Rockingham",56479,40,3165986293,46095,56055.9905982755,5,"WA","Perth","Rockingham WA 6168, Australia","Perth WA, Australia",49.15,"49.2 km",2663,44.38,0.74,"44 mins","OK","OK",""
"291",50901,"Albany",32116,46,1356437659,34511,42235.5728920164,5,"WA","Perth","Albany WA 6330, Australia","Perth WA, Australia",414.43,"414 km",16687,278.12,4.64,"4 hours 38 mins","OK","OK",""
"292",50902,"Wheat Belt - North",29297,46,1370583467,37343,46782.3827354337,5,"WA","Perth","114 Barrack St, Merredin WA 6415, Australia","Perth WA, Australia",261.16,"261 km",11133,185.55,3.09,"3 hours 6 mins","OK","OK",""
"293",50903,"Wheat Belt - South",11691,46,497277406,35241,42535.0616713711,5,"WA","Perth","L1/298 Fitzgerald Street, Northam WA 6401, Australia","Perth WA, Australia",96.17,"96.2 km",4900,81.67,1.36,"1 hour 22 mins","OK","OK",""
"294",51001,"Kimberley",14108,38,760435672,45723,53901.025800964,5,"WA","Perth","Kimberley, WA, Australia","Perth WA, Australia",2694.36,"2,694 km",135723,2262.05,37.7,"1 day 14 hours","OK","OK",""
"295",51002,"East Pilbara",10593,35,840265416,69071,79322.7051826678,5,"WA","Perth","East Pilbara, WA, Australia","Perth WA, Australia",NA,NA,NA,NA,NA,NA,"ZERO_RESULTS","OK",""
"296",51003,"West Pilbara",14488,37,1205004692,73360,83172.6043622308,5,"WA","Perth","Pilbara, WA, Australia","Perth WA, Australia",NA,NA,NA,NA,NA,NA,"ZERO_RESULTS","OK",""
"297",51101,"Esperance",9043,44,452264611,38665,50012.6740019905,5,"WA","Perth","Esperance WA 6450, Australia","Perth WA, Australia",714.19,"714 km",27222,453.7,7.56,"7 hours 34 mins","OK","OK",""
"298",51102,"Gascoyne",4943,41,245130538,39967,49591.4501314991,5,"WA","Perth","Gascoyne, WA, Australia","Perth WA, Australia",1124.44,"1,124 km",53172,886.2,14.77,"14 hours 46 mins","OK","OK",""
"299",51103,"Goldfields",21224,37,1386084395,55299,65307.4064738032,5,"WA","Perth","1/14994 Goldfields Rd, Merredin WA 6415, Australia","Perth WA, Australia",258.61,"259 km",10993,183.22,3.05,"3 hours 3 mins","OK","OK",""
"300",51104,"Mid West",28346,43,1518926530,42344,53585.2159034784,5,"WA","Perth","2, Foreshore Business Centre, 209 Foreshore Dr, Geraldton WA 6530, Australia","Perth WA, Australia",415.07,"415 km",16112,268.53,4.48,"4 hours 29 mins","OK","OK",""
"301",60101,"Brighton",7374,40,313354945,38102,42494.5680770274,6,"Tas","Hobart","Brighton TAS 7030, Australia","Hobart TAS 7000, Australia",25.52,"25.5 km",1623,27.05,0.45,"27 mins","OK","OK",""
"302",60102,"Hobart - North East",27599,45,1318864582,40810,47786.6800246386,6,"Tas","Hobart","North Hobart TAS 7000, Australia","Hobart TAS 7000, Australia",1.56,"1.6 km",328,5.47,0.09,"5 mins","OK","OK",""
"303",60103,"Hobart - North West",25406,41,1048543679,38284,41271.498031961,6,"Tas","Hobart","Hobart TAS 7000, Australia","Hobart TAS 7000, Australia",0,"1 m",0,0,0,"1 min","OK","OK",""
"304",60104,"Hobart - South and West",18019,44,862760892,40740,47880.6200122093,6,"Tas","Hobart","Hobart TAS 7000, Australia","Hobart TAS 7000, Australia",0,"1 m",0,0,0,"1 min","OK","OK",""
"305",60105,"Hobart Inner",30612,43,1727013964,42053,56416.2408205932,6,"Tas","Hobart","Taroona TAS 7053, Australia","Hobart TAS 7000, Australia",9.52,"9.5 km",1164,19.4,0.32,"19 mins","OK","OK",""
"306",60106,"Sorell - Dodges Ferry",8046,44,336784969,37679,41857.440840169,6,"Tas","Hobart","Dodges Ferry TAS 7173, Australia","Hobart TAS 7000, Australia",37.18,"37.2 km",2125,35.42,0.59,"35 mins","OK","OK",""
"307",60201,"Launceston",42316,42,1916433005,38333,45288.6143539087,6,"Tas","Hobart","Launceston TAS 7250, Australia","Hobart TAS 7000, Australia",200.2,"200 km",8889,148.15,2.47,"2 hours 28 mins","OK","OK",""
"308",60202,"Meander Valley - West Tamar",11813,46,474861566,34450,40198.2194192838,6,"Tas","Hobart","26 Lyall St, Westbury TAS 7303, Australia","Hobart TAS 7000, Australia",216.27,"216 km",9316,155.27,2.59,"2 hours 35 mins","OK","OK",""
"309",60203,"North East",18588,46,756274719,34698,40686.1802775984,6,"Tas","Hobart","North East Isle, Tasmania, Australia","Hobart TAS 7000, Australia",NA,NA,NA,NA,NA,NA,"ZERO_RESULTS","OK",""
"310",60301,"Central Highlands (Tas.)",5672,45,223604916,34975,39422.5874471086,6,"Tas","Hobart","Central Highlands, TAS, Australia","Hobart TAS 7000, Australia",102.19,"102 km",5090,84.83,1.41,"1 hour 25 mins","OK","OK",""
"311",60302,"Huon - Bruny Island",9473,46,361744124,32488,38186.8599176607,6,"Tas","Hobart","Bruny Island, Tasmania, Australia","Hobart TAS 7000, Australia",83.38,"83.4 km",6599,109.98,1.83,"1 hour 50 mins","OK","OK",""
"312",60303,"South East Coast",3418,51,121854039,28110,35650.6843183148,6,"Tas","Hobart","South East Cape, Tasmania, Australia","Hobart TAS 7000, Australia",NA,NA,NA,NA,NA,NA,"ZERO_RESULTS","OK",""
"313",60401,"Burnie - Ulverstone",24229,44,1043238203,36912,43057.4189194767,6,"Tas","Hobart","45A Leighlands Ave, Ulverstone TAS 7315, Australia","Hobart TAS 7000, Australia",295.94,"296 km",12266,204.43,3.41,"3 hours 24 mins","OK","OK",""
"314",60402,"Devonport",22558,44,938768450,35998,41615.7660253569,6,"Tas","Hobart","Devonport TAS 7310, Australia","Hobart TAS 7000, Australia",281.51,"282 km",11809,196.82,3.28,"3 hours 17 mins","OK","OK",""
"315",60403,"West Coast",9715,44,427043369,38240,43957.1146680391,6,"Tas","Hobart","West Coast, TAS, Australia","Hobart TAS 7000, Australia",310.66,"311 km",19330,322.17,5.37,"5 hours 22 mins","OK","OK",""
"316",70101,"Darwin City",17864,35,1067025002,49335,59730.4636139722,7,"NT","Darwin","Darwin NT, Australia","Darwin NT, Australia",0,"1 m",0,0,0,"1 min","OK","OK",""
"317",70102,"Darwin Suburbs",30009,39,1691888598,49958,56379.3727881635,7,"NT","Darwin","Darwin Cres, Beechboro WA 6063, Australia","Darwin NT, Australia",4015.75,"4,016 km",155411,2590.19,43.17,"1 day 19 hours","OK","OK",""
"318",70103,"Litchfield",9259,43,522792446,50365,56463.1651366238,7,"NT","Darwin","Litchfield, NT, Australia","Darwin NT, Australia",44.32,"44.3 km",2265,37.75,0.63,"38 mins","OK","OK",""
"319",70104,"Palmerston",16666,35,929280934,52286,55759.0864034561,7,"NT","Darwin","Palmerston City NT 0830, Australia","Darwin NT, Australia",20.1,"20.1 km",1112,18.53,0.31,"19 mins","OK","OK",""
"320",70201,"Alice Springs",17658,39,914621463,46027,51796.4357798165,7,"NT","Darwin","Alice Springs NT 0870, Australia","Darwin NT, Australia",1496.53,"1,497 km",59157,985.95,16.43,"16 hours 26 mins","OK","OK",""
"321",70202,"Barkly",1586,41,73293871,43069,46213.0334174023,7,"NT","Darwin","Barkly, NT, Australia","Darwin NT, Australia",NA,NA,NA,NA,NA,NA,"ZERO_RESULTS","OK",""
"322",70203,"Daly - Tiwi - West Arnhem",2820,41,126153860,35687,44735.4113475177,7,"NT","Darwin","Tiwi NT 0810, Australia","Darwin NT, Australia",14.5,"14.5 km",1169,19.48,0.32,"19 mins","OK","OK",""
"323",70204,"East Arnhem",3121,39,198825110,53190,63705.5783402756,7,"NT","Darwin","East Arnhem NT 0822, Australia","Darwin NT, Australia",1053.68,"1,054 km",106773,1779.55,29.66,"1 day 6 hours","OK","OK",""
"324",70205,"Katherine",5511,39,278749688,47237,50580.6002540374,7,"NT","Darwin","Katherine NT 0850, Australia","Darwin NT, Australia",317.48,"317 km",11580,193,3.22,"3 hours 13 mins","OK","OK",""
"325",80101,"Belconnen",57273,40,3297489729,51674,57574.9433240794,8,"ACT","Canberra","Belconnen, ACT, Australia","Canberra ACT 2601, Australia",16.32,"16.3 km",1059,17.65,0.29,"18 mins","OK","OK",""
"326",80103,"Canberra East",541,45,28752095,44415,53146.2014787431,8,"ACT","Canberra","Canberra ACT 2601, Australia","Canberra ACT 2601, Australia",0,"1 m",0,0,0,"1 min","OK","OK",""
"327",80104,"Gungahlin",28764,37,1756588067,56514,61068.9774370741,8,"ACT","Canberra","Gungahlin ACT 2912, Australia","Canberra ACT 2601, Australia",13.45,"13.4 km",1327,22.12,0.37,"22 mins","OK","OK",""
"328",80105,"North Canberra",28756,37,1817668396,53295,63210.0568924746,8,"ACT","Canberra","Canberra ACT 2601, Australia","Canberra ACT 2601, Australia",0,"1 m",0,0,0,"1 min","OK","OK",""
"329",80106,"South Canberra",16820,44,1495057062,65317,88885.6755053508,8,"ACT","Canberra","Canberra ACT 2601, Australia","Canberra ACT 2601, Australia",0,"1 m",0,0,0,"1 min","OK","OK",""
"330",80107,"Tuggeranong",54594,42,3229272110,54003,59150.6779133238,8,"ACT","Canberra","Tuggeranong, ACT, Australia","Canberra ACT 2601, Australia",23.94,"23.9 km",1368,22.8,0.38,"23 mins","OK","OK",""
"331",80108,"Weston Creek",14378,45,911111423,54899,63368.4394908889,8,"ACT","Canberra","Weston Creek, Canberra ACT 2611, Australia","Canberra ACT 2601, Australia",15.27,"15.3 km",966,16.1,0.27,"16 mins","OK","OK",""
"332",80109,"Woden Valley",21408,45,1475187077,55539,68908.2154801943,8,"ACT","Canberra","Woden Valley, ACT, Australia","Canberra ACT 2601, Australia",11.41,"11.4 km",881,14.68,0.24,"15 mins","OK","OK",""
"333",80111,"Urriarra - Namadgi",286,40,16206875,50845,56667.3951048951,8,"ACT","Canberra","Namadgi Circuit, Palmerston ACT 2913, Australia","Canberra ACT 2601, Australia",13.47,"13.5 km",1204,20.07,0.33,"20 mins","OK","OK",""
